,logFC,logCPM,F,PValue,FDR,geneName,fullGeneName
ENSG00000123358,6.74382222238076,9.66706217993884,14471.0311015329,5.14402227244815e-31,6.67539770295597e-27,NR4A1,nuclear receptor subfamily 4 group A member 1 [Source:HGNC Symbol;Acc:HGNC:7980]
ENSG00000120738,4.7918327892283,8.53426276922269,6859.31890941426,1.17715787833291e-27,7.30728547560507e-24,EGR1,early growth response 1 [Source:HGNC Symbol;Acc:HGNC:3238]
ENSG00000162772,5.54287156023167,6.49313591930771,6624.12330004971,1.68928538389575e-27,7.30728547560507e-24,ATF3,activating transcription factor 3 [Source:HGNC Symbol;Acc:HGNC:785]
ENSG00000125740,8.10743713011982,7.58192393694652,6040.66084505465,4.38713375936245e-27,1.14458826719912e-23,FOSB,FosB proto-oncogene, AP-1 transcription factor subunit [Source:HGNC Symbol;Acc:HGNC:3797]
ENSG00000119508,7.95392504913904,7.76043473740537,6037.61863924742,4.41006498882301e-27,1.14458826719912e-23,NR4A3,nuclear receptor subfamily 4 group A member 3 [Source:HGNC Symbol;Acc:HGNC:7982]
ENSG00000177606,3.49022727119987,8.54646806632161,5675.48479229076,8.3641056216976e-27,1.80901664421283e-23,JUN,Jun proto-oncogene, AP-1 transcription factor subunit [Source:HGNC Symbol;Acc:HGNC:6204]
ENSG00000179388,2.76229490986336,8.17914353907566,4844.6448570733,4.29999002606628e-26,7.45059893033751e-23,EGR3,early growth response 3 [Source:HGNC Symbol;Acc:HGNC:3240]
ENSG00000170345,4.17856202453611,7.87578990358004,4813.84748428305,4.59311022907452e-26,7.45059893033751e-23,FOS,Fos proto-oncogene, AP-1 transcription factor subunit [Source:HGNC Symbol;Acc:HGNC:3796]
ENSG00000153234,3.24310330527652,7.35952251266283,4366.83118735821,1.25801114374276e-25,1.81391229026109e-22,NR4A2,nuclear receptor subfamily 4 group A member 2 [Source:HGNC Symbol;Acc:HGNC:7981]
ENSG00000143384,1.75259173831503,9.97457360353559,2638.05275345378,2.28564667174629e-23,2.96608368592517e-20,MCL1,BCL2 family apoptosis regulator [Source:HGNC Symbol;Acc:HGNC:6943]
ENSG00000173334,2.64842534411868,6.8286470260189,2470.28446847237,4.49799811034973e-23,5.30641104345531e-20,TRIB1,tribbles pseudokinase 1 [Source:HGNC Symbol;Acc:HGNC:16891]
ENSG00000159200,4.4665947952671,6.27223632733776,2305.17985784286,9.17012977382753e-23,9.91673117291332e-20,RCAN1,regulator of calcineurin 1 [Source:HGNC Symbol;Acc:HGNC:3040]
ENSG00000164949,6.02359577257353,4.23222087427621,2177.93235577877,1.64504582464683e-22,1.64213535895707e-19,GEM,GTP binding protein overexpressed in skeletal muscle [Source:HGNC Symbol;Acc:HGNC:4234]
ENSG00000122877,7.56977089316736,4.24518247709256,2131.86640333962,2.04973991094236e-22,1.89996248744993e-19,EGR2,early growth response 2 [Source:HGNC Symbol;Acc:HGNC:3239]
ENSG00000135625,8.06899938908228,4.63013804492241,2087.0764967283,2.55008669835067e-22,2.20616500563311e-19,EGR4,early growth response 4 [Source:HGNC Symbol;Acc:HGNC:3241]
ENSG00000144655,2.54506892930107,5.67705472958422,2004.77904596394,3.856764058227e-22,3.12807669897574e-19,CSRNP1,cysteine and serine rich nuclear protein 1 [Source:HGNC Symbol;Acc:HGNC:14300]
ENSG00000261150,2.20260349141775,7.2267917144606,1941.96172854049,5.34993141856739e-22,4.08388588345582e-19,EPPK1,epiplakin 1 [Source:HGNC Symbol;Acc:HGNC:15577]
ENSG00000055483,1.91727109321812,7.03575948339677,1802.36026241624,1.15137851020933e-21,8.26349370326787e-19,USP36,ubiquitin specific peptidase 36 [Source:HGNC Symbol;Acc:HGNC:20062]
ENSG00000139289,2.5001133533026,6.38133009983066,1793.68281752801,1.20988194776982e-21,8.26349370326787e-19,PHLDA1,pleckstrin homology like domain family A member 1 [Source:HGNC Symbol;Acc:HGNC:8933]
ENSG00000108551,2.92666996719853,6.95845118858136,1650.56714947866,2.84069523077159e-21,1.84318510048615e-18,RASD1,ras related dexamethasone induced 1 [Source:HGNC Symbol;Acc:HGNC:15828]
ENSG00000179094,3.35356155186928,5.57092200558421,1637.71895015313,3.07781627868571e-21,1.8523306246675e-18,PER1,period circadian clock 1 [Source:HGNC Symbol;Acc:HGNC:8845]
ENSG00000087074,2.9228825900337,5.11673143300779,1634.51515188782,3.1402692257598e-21,1.8523306246675e-18,PPP1R15A,protein phosphatase 1 regulatory subunit 15A [Source:HGNC Symbol;Acc:HGNC:14375]
ENSG00000160888,2.06415032823926,6.97898882479128,1589.46959101748,4.18264231704159e-21,2.35991953688038e-18,IER2,immediate early response 2 [Source:HGNC Symbol;Acc:HGNC:28871]
ENSG00000185022,4.32810496012742,4.36027136851878,1505.41083475683,7.30059590905674e-21,3.89699675414001e-18,MAFF,MAF bZIP transcription factor F [Source:HGNC Symbol;Acc:HGNC:6780]
ENSG00000075426,1.81358298960979,7.03531924976328,1501.3109200379,7.50750703964708e-21,3.89699675414001e-18,FOSL2,FOS like 2, AP-1 transcription factor subunit [Source:HGNC Symbol;Acc:HGNC:3798]
ENSG00000100906,1.63273127100993,7.01715196195529,1484.830636353,8.40652432250598e-21,4.19582562050616e-18,NFKBIA,NFKB inhibitor alpha [Source:HGNC Symbol;Acc:HGNC:7797]
ENSG00000130066,1.95316836571268,6.52681946596983,1447.31919010541,1.0925928713008e-20,5.25132507069275e-18,SAT1,spermidine/spermine N1-acetyltransferase 1 [Source:HGNC Symbol;Acc:HGNC:10540]
ENSG00000136826,2.64120244315561,5.04782933192507,1315.91765911072,2.89443107231014e-20,1.34146542947745e-17,KLF4,Kruppel like factor 4 [Source:HGNC Symbol;Acc:HGNC:6348]
ENSG00000062716,1.26737818090833,9.75763446538875,1263.16586525634,4.39801453156821e-20,1.91486897521521e-17,VMP1,vacuole membrane protein 1 [Source:HGNC Symbol;Acc:HGNC:29559]
ENSG00000185950,3.56105395950642,4.10053983648487,1262.36109881418,4.42676036498853e-20,1.91486897521521e-17,IRS2,insulin receptor substrate 2 [Source:HGNC Symbol;Acc:HGNC:6126]
ENSG00000130164,1.47793247138114,8.51228156045577,1248.92558810297,4.93839648690457e-20,2.06727649066324e-17,LDLR,low density lipoprotein receptor [Source:HGNC Symbol;Acc:HGNC:6547]
ENSG00000116285,1.58001807973317,6.72688885575859,1244.51114995503,5.12038503025033e-20,2.07647614179871e-17,ERRFI1,ERBB receptor feedback inhibitor 1 [Source:HGNC Symbol;Acc:HGNC:18185]
ENSG00000197019,2.01362541111686,5.72199149491553,1195.81581202905,7.69852151471185e-20,3.02738526352775e-17,SERTAD1,SERTA domain containing 1 [Source:HGNC Symbol;Acc:HGNC:17932]
ENSG00000142871,2.72265466682301,5.05259436392494,1153.99804597748,1.1072747205e-19,4.22620707292014e-17,CYR61,cysteine rich angiogenic inducer 61 [Source:HGNC Symbol;Acc:HGNC:2654]
ENSG00000120129,2.73262897452417,4.98579669329171,974.400738986481,6.20938089132444e-19,2.30226102362049e-16,DUSP1,dual specificity phosphatase 1 [Source:HGNC Symbol;Acc:HGNC:3064]
ENSG00000155090,1.59407473961662,6.62674695853359,954.429405318657,7.66565491488626e-19,2.76325566195775e-16,KLF10,Kruppel like factor 10 [Source:HGNC Symbol;Acc:HGNC:11810]
ENSG00000204386,1.30270437744926,6.47088976275945,903.717155530733,1.33535310393042e-18,4.68348033235272e-16,NEU1,neuraminidase 1 [Source:HGNC Symbol;Acc:HGNC:7758]
ENSG00000086544,1.72031089190439,6.12796449782929,896.206215657304,1.45351235541734e-18,4.96374469375023e-16,ITPKC,inositol-trisphosphate 3-kinase C [Source:HGNC Symbol;Acc:HGNC:14897]
ENSG00000153443,1.54923393172257,6.30928330685392,866.195704931901,2.05410506336762e-18,6.83490292495425e-16,UBALD1,UBA like domain containing 1 [Source:HGNC Symbol;Acc:HGNC:29576]
ENSG00000162783,1.23179576451547,7.4814660625586,861.875125830268,2.16105254637831e-18,7.01099472358784e-16,IER5,immediate early response 5 [Source:HGNC Symbol;Acc:HGNC:5393]
ENSG00000143367,1.38202490044044,6.26232506129577,814.45841410478,3.83647149894491e-18,1.21429001565385e-15,TUFT1,tuftelin 1 [Source:HGNC Symbol;Acc:HGNC:12422]
ENSG00000059728,1.62592083651668,5.17426605003961,797.569382375661,4.74409119649083e-18,1.46581122516337e-15,MXD1,MAX dimerization protein 1 [Source:HGNC Symbol;Acc:HGNC:6761]
ENSG00000120875,1.25917247537863,7.13341417539184,792.947667159007,5.03178042739515e-18,1.51854452572807e-15,DUSP4,dual specificity phosphatase 4 [Source:HGNC Symbol;Acc:HGNC:3070]
ENSG00000171223,1.5568969588503,7.19601670037354,790.137397506501,5.2160299696908e-18,1.53837320265176e-15,JUNB,JunB proto-oncogene, AP-1 transcription factor subunit [Source:HGNC Symbol;Acc:HGNC:6205]
ENSG00000128342,2.51914421498976,4.00312838604245,776.587374921834,6.21462012604529e-18,1.79215834168199e-15,LIF,leukemia inhibitory factor [Source:HGNC Symbol;Acc:HGNC:6596]
ENSG00000167767,1.05208032172073,7.71117842096386,757.731054979847,7.97008212618553e-18,2.2484294728589e-15,KRT80,keratin 80 [Source:HGNC Symbol;Acc:HGNC:27056]
ENSG00000205189,1.5828989175749,5.5159793194698,743.367050967911,9.67258956346128e-18,2.62921476570685e-15,ZBTB10,zinc finger and BTB domain containing 10 [Source:HGNC Symbol;Acc:HGNC:30953]
ENSG00000167604,1.89325815047261,4.51604690648347,742.580714153181,9.77667488204976e-18,2.62921476570685e-15,NFKBID,NFKB inhibitor delta [Source:HGNC Symbol;Acc:HGNC:15671]
ENSG00000146278,1.89381410471074,5.62021517411251,741.456067346117,9.9276815534897e-18,2.62921476570685e-15,PNRC1,proline rich nuclear receptor coactivator 1 [Source:HGNC Symbol;Acc:HGNC:17278]
ENSG00000163660,1.06180811015058,7.43114356883327,739.886235825929,1.01427557247369e-17,2.63245082079821e-15,CCNL1,cyclin L1 [Source:HGNC Symbol;Acc:HGNC:20569]
ENSG00000078804,2.79346019320242,3.72286528478077,723.97136254764,1.26363678509685e-17,3.21533618827487e-15,TP53INP2,tumor protein p53 inducible nuclear protein 2 [Source:HGNC Symbol;Acc:HGNC:16104]
ENSG00000118523,5.87232426222055,3.10257878118752,721.864011474432,1.30141625352333e-17,3.24778436961006e-15,CTGF,connective tissue growth factor [Source:HGNC Symbol;Acc:HGNC:2500]
ENSG00000134107,1.28243011743955,7.49210135284235,717.128750843295,1.39090557435465e-17,3.31656923691373e-15,BHLHE40,basic helix-loop-helix family member e40 [Source:HGNC Symbol;Acc:HGNC:1046]
ENSG00000196428,1.28481758840447,6.45077351500047,716.811896393403,1.39713004950599e-17,3.31656923691373e-15,TSC22D2,TSC22 domain family member 2 [Source:HGNC Symbol;Acc:HGNC:29095]
ENSG00000165997,1.27293816690248,7.65358860039606,716.380649853758,1.40565082862183e-17,3.31656923691373e-15,ARL5B,ADP ribosylation factor like GTPase 5B [Source:HGNC Symbol;Acc:HGNC:23052]
ENSG00000128016,1.53916229509089,6.18207370491825,710.685234244111,1.52369349865759e-17,3.5308875950142e-15,ZFP36,ZFP36 ring finger protein [Source:HGNC Symbol;Acc:HGNC:12862]
ENSG00000157557,1.36674812573258,6.23141504574661,689.033447214333,2.0824276436897e-17,4.74099360213354e-15,ETS2,ETS proto-oncogene 2, transcription factor [Source:HGNC Symbol;Acc:HGNC:3489]
ENSG00000163659,1.52998294817963,5.46788476732565,677.67867305178,2.46255582822929e-17,5.50975637636749e-15,TIPARP,TCDD inducible poly(ADP-ribose) polymerase [Source:HGNC Symbol;Acc:HGNC:23696]
ENSG00000109321,1.34482011936999,5.90859563256806,668.901422076801,2.80860097518543e-17,6.17749404321718e-15,AREG,amphiregulin [Source:HGNC Symbol;Acc:HGNC:651]
ENSG00000130513,1.91630565752473,5.81254697670758,664.019382639413,3.02390348263974e-17,6.46917308294478e-15,GDF15,growth differentiation factor 15 [Source:HGNC Symbol;Acc:HGNC:30142]
ENSG00000222009,4.00065814880557,2.64701931378661,658.922520084149,3.26815468796503e-17,6.84045861060036e-15,BTBD19,BTB domain containing 19 [Source:HGNC Symbol;Acc:HGNC:27145]
ENSG00000132510,1.36467981906263,6.31007373631786,631.840961831959,4.98778505544674e-17,1.02740455023067e-14,KDM6B,lysine demethylase 6B [Source:HGNC Symbol;Acc:HGNC:29012]
ENSG00000153487,1.52520885372604,5.11293166481838,626.521531179974,5.43084361920292e-17,1.10118840072494e-14,ING1,inhibitor of growth family member 1 [Source:HGNC Symbol;Acc:HGNC:6062]
ENSG00000112658,1.11383972487925,6.85459672801369,622.21585853418,5.82112181232908e-17,1.16216458090145e-14,SRF,serum response factor [Source:HGNC Symbol;Acc:HGNC:11291]
ENSG00000164251,1.90265096368552,4.32852373236457,611.319494062953,6.95332912593351e-17,1.36717200101878e-14,F2RL1,F2R like trypsin receptor 1 [Source:HGNC Symbol;Acc:HGNC:3538]
ENSG00000118503,3.82971002399239,2.36730925437341,538.954048669918,2.46229141797675e-16,4.69899348986533e-14,TNFAIP3,TNF alpha induced protein 3 [Source:HGNC Symbol;Acc:HGNC:11896]
ENSG00000184545,1.62691251052081,5.14985942828744,529.260020038893,2.9529522807851e-16,5.47435167824974e-14,DUSP8,dual specificity phosphatase 8 [Source:HGNC Symbol;Acc:HGNC:3074]
ENSG00000111266,1.01101524006742,6.68485738360081,522.329009809029,3.36929669118487e-16,6.15822016359241e-14,DUSP16,dual specificity phosphatase 16 [Source:HGNC Symbol;Acc:HGNC:17909]
ENSG00000135346,6.71703076641006,1.80737543657123,521.549783791913,3.41999192199517e-16,6.16406044051824e-14,CGA,glycoprotein hormones, alpha polypeptide [Source:HGNC Symbol;Acc:HGNC:1885]
ENSG00000077150,1.26294395398164,5.93775943302302,517.562019695392,3.69286763437737e-16,6.56470456045412e-14,NFKB2,nuclear factor kappa B subunit 2 [Source:HGNC Symbol;Acc:HGNC:7795]
ENSG00000013441,1.10117421795338,6.12145126073463,462.30076939335,1.13943474103578e-15,1.97152595125618e-13,CLK1,CDC like kinase 1 [Source:HGNC Symbol;Acc:HGNC:2068]
ENSG00000114541,1.48061725583882,4.72921201813891,461.223137911516,1.1662185314475e-15,1.9913181424466e-13,FRMD4B,FERM domain containing 4B [Source:HGNC Symbol;Acc:HGNC:24886]
ENSG00000133639,1.46918583619779,4.74870914990164,450.676100618895,1.46807601947799e-15,2.44246442368793e-13,BTG1,BTG anti-proliferation factor 1 [Source:HGNC Symbol;Acc:HGNC:1130]
ENSG00000106546,1.03940565187409,6.58038858146997,432.711122560039,2.19939058207516e-15,3.57906970597857e-13,AHR,aryl hydrocarbon receptor [Source:HGNC Symbol;Acc:HGNC:348]
ENSG00000135048,1.0262926746817,6.75990316099106,432.572306385202,2.2064080795121e-15,3.57906970597857e-13,TMEM2,transmembrane protein 2 [Source:HGNC Symbol;Acc:HGNC:11869]
ENSG00000128590,1.56790826059854,5.09591246303249,423.017663389437,2.75387821709652e-15,4.41198489176069e-13,DNAJB9,DnaJ heat shock protein family (Hsp40) member B9 [Source:HGNC Symbol;Acc:HGNC:6968]
ENSG00000175592,3.22906045750755,2.48854488235916,421.880888424453,2.82836369119347e-15,4.47605800251434e-13,FOSL1,FOS like 1, AP-1 transcription factor subunit [Source:HGNC Symbol;Acc:HGNC:13718]
ENSG00000141458,1.14790914829931,6.02417285216462,402.063103071639,4.5555048061365e-15,7.03771260348015e-13,NPC1,NPC intracellular cholesterol transporter 1 [Source:HGNC Symbol;Acc:HGNC:7897]
ENSG00000116717,1.38932546680888,5.19319893032193,401.543808311125,4.61413735234444e-15,7.04443063780869e-13,GADD45A,growth arrest and DNA damage inducible alpha [Source:HGNC Symbol;Acc:HGNC:4095]
ENSG00000163874,1.29248152730415,5.39438254304011,374.824344791453,9.10980404141953e-15,1.34338553460797e-12,ZC3H12A,zinc finger CCCH-type containing 12A [Source:HGNC Symbol;Acc:HGNC:26259]
ENSG00000130522,1.49780858159109,7.8897470671379,358.179707071776,1.42504219796524e-14,2.03217281351592e-12,JUND,JunD proto-oncogene, AP-1 transcription factor subunit [Source:HGNC Symbol;Acc:HGNC:6206]
ENSG00000174010,1.33043209413521,4.90464915614739,356.990549181352,1.47243619111316e-14,2.07693526652994e-12,KLHL15,kelch like family member 15 [Source:HGNC Symbol;Acc:HGNC:29347]
ENSG00000107968,1.64050827654257,3.88051359068308,355.516789245086,1.53358622026603e-14,2.13992993337551e-12,MAP3K8,mitogen-activated protein kinase kinase kinase 8 [Source:HGNC Symbol;Acc:HGNC:6860]
ENSG00000198517,1.01118408966714,6.59668775323402,331.902613702881,3.01119246132543e-14,3.98737189496123e-12,MAFK,MAF bZIP transcription factor K [Source:HGNC Symbol;Acc:HGNC:6782]
ENSG00000013588,1.05491701760631,6.98959909006469,330.40887911756,3.14724677773073e-14,4.12543650854664e-12,GPRC5A,G protein-coupled receptor class C group 5 member A [Source:HGNC Symbol;Acc:HGNC:9836]
ENSG00000132326,1.09980359842676,5.24866472399703,318.190431252345,4.55055965143188e-14,5.84679332639916e-12,PER2,period circadian clock 2 [Source:HGNC Symbol;Acc:HGNC:8846]
ENSG00000173846,1.26278957039103,4.61019249205322,316.859227784582,4.74089201677529e-14,6.03162310800912e-12,PLK3,polo like kinase 3 [Source:HGNC Symbol;Acc:HGNC:2154]
ENSG00000188215,1.51542247915028,3.96325547334542,311.655528266307,5.5731902836202e-14,7.02167867092614e-12,DCUN1D3,defective in cullin neddylation 1 domain containing 3 [Source:HGNC Symbol;Acc:HGNC:28734]
ENSG00000107984,1.24902615244836,4.50686573737592,296.336964273448,9.10911156432217e-14,1.1151786865114e-11,DKK1,dickkopf WNT signaling pathway inhibitor 1 [Source:HGNC Symbol;Acc:HGNC:2891]
ENSG00000198576,2.22475996032905,3.13944472594912,295.216971352998,9.45104463801426e-14,1.13562524092085e-11,ARC,activity regulated cytoskeleton associated protein [Source:HGNC Symbol;Acc:HGNC:648]
ENSG00000067082,1.35426897583757,5.41029427143374,291.156734915074,1.08137988305637e-13,1.2529523877163e-11,KLF6,Kruppel like factor 6 [Source:HGNC Symbol;Acc:HGNC:2235]
ENSG00000111859,1.71495156469674,3.3313554666668,284.128941687606,1.37107616811763e-13,1.52072268663782e-11,NEDD9,neural precursor cell expressed, developmentally down-regulated 9 [Source:HGNC Symbol;Acc:HGNC:7733]
ENSG00000172602,1.60234744487624,3.81846250190802,280.995811560093,1.52682374362364e-13,1.67109785898821e-11,RND1,Rho family GTPase 1 [Source:HGNC Symbol;Acc:HGNC:18314]
ENSG00000111012,1.81174256913344,3.17766129610361,275.731966702833,1.83400547133064e-13,1.96693297532709e-11,CYP27B1,cytochrome P450 family 27 subfamily B member 1 [Source:HGNC Symbol;Acc:HGNC:2606]
ENSG00000011478,1.14852004638042,5.44249596912857,261.519642318314,3.05949527446231e-13,3.17624561413579e-11,QPCTL,glutaminyl-peptide cyclotransferase like [Source:HGNC Symbol;Acc:HGNC:25952]
ENSG00000153714,1.12291468205898,4.90937288866908,260.777669624077,3.144554044349e-13,3.23864109789817e-11,LURAP1L,leucine rich adaptor protein 1 like [Source:HGNC Symbol;Acc:HGNC:31452]
ENSG00000151014,1.01447687065167,4.69457153148127,257.068319182344,3.61055212089016e-13,3.64482193539156e-11,NOCT,nocturnin [Source:HGNC Symbol;Acc:HGNC:14254]
ENSG00000127528,2.18244844563657,2.57587072917527,237.292263817216,7.79401010665473e-13,7.63354660583339e-11,KLF2,Kruppel like factor 2 [Source:HGNC Symbol;Acc:HGNC:6347]
ENSG00000138271,1.82744639246392,2.65508875354329,232.726216720519,9.38799135062508e-13,9.0242936116342e-11,GPR87,G protein-coupled receptor 87 [Source:HGNC Symbol;Acc:HGNC:4538]
ENSG00000141682,1.32856067642405,3.88258702522214,227.144746930179,1.18403606070269e-12,1.10541265897401e-10,PMAIP1,phorbol-12-myristate-13-acetate-induced protein 1 [Source:HGNC Symbol;Acc:HGNC:9108]
ENSG00000198732,4.24470011512066,1.2263823505861,200.725318025444,3.83401301663093e-12,3.28019602757359e-10,SMOC1,SPARC related modular calcium binding 1 [Source:HGNC Symbol;Acc:HGNC:20318]
ENSG00000006062,1.26998664162225,3.88825021276198,193.150563121422,5.5117126806977e-12,4.61454809402671e-10,MAP3K14,mitogen-activated protein kinase kinase kinase 14 [Source:HGNC Symbol;Acc:HGNC:6853]
ENSG00000166833,1.28365814291554,3.39449443809836,174.540174593654,1.42473751887743e-11,1.13428336088788e-09,NAV2,neuron navigator 2 [Source:HGNC Symbol;Acc:HGNC:15997]
ENSG00000211448,2.57686402586325,1.57526759102117,169.831172019173,1.83809555488425e-11,1.43692566359837e-09,DIO2,deiodinase, iodothyronine type II [Source:HGNC Symbol;Acc:HGNC:2884]
ENSG00000137449,1.13273679618614,4.60475037244372,165.846297864013,2.29170140361288e-11,1.75972834998132e-09,CPEB2,cytoplasmic polyadenylation element binding protein 2 [Source:HGNC Symbol;Acc:HGNC:21745]
ENSG00000140465,2.95512271868072,1.11659026355901,161.414771323079,2.94531634011292e-11,2.23516784477458e-09,CYP1A1,cytochrome P450 family 1 subfamily A member 1 [Source:HGNC Symbol;Acc:HGNC:2595]
ENSG00000167874,2.62684356315696,1.37416086417286,159.828318254676,3.22695794498125e-11,2.4205915174579e-09,TMEM88,transmembrane protein 88 [Source:HGNC Symbol;Acc:HGNC:32371]
ENSG00000105856,1.07662606126497,4.54226624779178,155.310442820654,4.20427531344588e-11,3.08242264082413e-09,HBP1,HMG-box transcription factor 1 [Source:HGNC Symbol;Acc:HGNC:23200]
ENSG00000113070,1.86163777562713,2.00157570012108,140.040266431696,1.08460087677265e-10,7.18105386626462e-09,HBEGF,heparin binding EGF like growth factor [Source:HGNC Symbol;Acc:HGNC:3059]
ENSG00000175505,1.07805572074019,3.51068286501124,139.543405862279,1.12024869027946e-10,7.36854219554404e-09,CLCF1,cardiotrophin-like cytokine factor 1 [Source:HGNC Symbol;Acc:HGNC:17412]
ENSG00000115844,2.50916383747608,1.5184648565615,138.037024039489,1.2364144908666e-10,7.98256261093328e-09,DLX2,distal-less homeobox 2 [Source:HGNC Symbol;Acc:HGNC:2915]
ENSG00000175197,1.27587273479234,3.9331029388117,137.932833246931,1.2449243407712e-10,7.99771444068704e-09,DDIT3,DNA damage inducible transcript 3 [Source:HGNC Symbol;Acc:HGNC:2726]
ENSG00000115641,1.18503326965518,3.55637266207091,137.004120362253,1.32367922184344e-10,8.46049384756037e-09,FHL2,four and a half LIM domains 2 [Source:HGNC Symbol;Acc:HGNC:3703]
ENSG00000125347,1.15783921198901,3.61676266292691,130.664036280174,2.03226164670976e-10,1.24399336742229e-08,IRF1,interferon regulatory factor 1 [Source:HGNC Symbol;Acc:HGNC:6116]
ENSG00000080007,1.20851281109671,3.20214456051686,125.871665750831,2.8445487998091e-10,1.69328943922581e-08,DDX43,DEAD-box helicase 43 [Source:HGNC Symbol;Acc:HGNC:18677]
ENSG00000173559,1.18702109736182,3.73035314401137,121.167437548003,4.00053704274928e-10,2.28700304862367e-08,NABP1,nucleic acid binding protein 1 [Source:HGNC Symbol;Acc:HGNC:26232]
ENSG00000162975,1.23475856295578,2.85936781805655,117.403625848198,5.29938617799947e-10,2.95150791553215e-08,KCNF1,potassium voltage-gated channel modifier subfamily F member 1 [Source:HGNC Symbol;Acc:HGNC:6246]
ENSG00000164761,2.11570129968736,1.79071976259475,110.042380453306,9.39848775664388e-10,4.93782087522136e-08,TNFRSF11B,TNF receptor superfamily member 11b [Source:HGNC Symbol;Acc:HGNC:11909]
ENSG00000108821,1.02821662763763,4.28285035962849,108.70192906533,1.04685632873358e-09,5.43402183119028e-08,COL1A1,collagen type I alpha 1 chain [Source:HGNC Symbol;Acc:HGNC:2197]
ENSG00000188785,1.33125466704461,2.91054755084255,107.662377143455,1.13904906482627e-09,5.8424662902176e-08,ZNF548,zinc finger protein 548 [Source:HGNC Symbol;Acc:HGNC:26561]
ENSG00000183742,1.2683795854228,3.15390436648809,102.55841091008,1.74169582476863e-09,8.46516356480242e-08,MACC1,MACC1, MET transcriptional regulator [Source:HGNC Symbol;Acc:HGNC:30215]
ENSG00000169429,4.85803742033741,0.339736425765217,102.02823339284,1.82209252413284e-09,8.82287115137009e-08,CXCL8,C-X-C motif chemokine ligand 8 [Source:HGNC Symbol;Acc:HGNC:6025]
ENSG00000102195,4.99890808587368,-0.14832856765466,101.321762570683,1.93561303973776e-09,9.33771390954531e-08,GPR50,G protein-coupled receptor 50 [Source:HGNC Symbol;Acc:HGNC:4506]
ENSG00000104856,2.20954840527381,1.25267958856425,100.388400084385,2.09764919555673e-09,1.00077917686543e-07,RELB,RELB proto-oncogene, NF-kB subunit [Source:HGNC Symbol;Acc:HGNC:9956]
ENSG00000164463,1.3995379784355,2.98722112709451,98.6520086897801,2.44014380695422e-09,1.14730964430597e-07,CREBRF,CREB3 regulatory factor [Source:HGNC Symbol;Acc:HGNC:24050]
ENSG00000186352,1.88414855316665,1.48505051211559,96.6568237244696,2.91131955042881e-09,1.34449088277276e-07,ANKRD37,ankyrin repeat domain 37 [Source:HGNC Symbol;Acc:HGNC:29593]
ENSG00000172183,1.12812748153907,3.36909022635827,92.1584815802028,4.38436715103653e-09,1.95518668450176e-07,ISG20,interferon stimulated exonuclease gene 20 [Source:HGNC Symbol;Acc:HGNC:6130]
ENSG00000051523,1.77047373363989,1.39963040417285,82.3542819162883,1.13676276454754e-08,4.68310171286774e-07,CYBA,cytochrome b-245 alpha chain [Source:HGNC Symbol;Acc:HGNC:2577]
ENSG00000100234,1.04200375586636,3.02825474609269,81.7835051216702,1.2049565970413e-08,4.93271979804573e-07,TIMP3,TIMP metallopeptidase inhibitor 3 [Source:HGNC Symbol;Acc:HGNC:11822]
ENSG00000116741,2.74450439805407,0.37317620663448,80.5614713943723,1.3665494585651e-08,5.47336800117262e-07,RGS2,regulator of G-protein signaling 2 [Source:HGNC Symbol;Acc:HGNC:9998]
ENSG00000168386,1.55568521670933,2.49799424937641,75.8391975514054,2.25576712535357e-08,8.55938303675828e-07,FILIP1L,filamin A interacting protein 1 like [Source:HGNC Symbol;Acc:HGNC:24589]
ENSG00000153294,1.24641907630106,2.39994840497321,74.000756667944,2.76037960797223e-08,1.01765472081408e-06,ADGRF4,adhesion G protein-coupled receptor F4 [Source:HGNC Symbol;Acc:HGNC:19011]
ENSG00000125657,1.60270428180341,1.51018049584745,71.3609299864251,3.71473930030446e-08,1.30995032337095e-06,TNFSF9,tumor necrosis factor superfamily member 9 [Source:HGNC Symbol;Acc:HGNC:11939]
ENSG00000188396,3.20810580686886,-0.0880162544858635,69.8900892569739,4.39965930905509e-08,1.52658766988256e-06,TCTEX1D4,Tctex1 domain containing 4 [Source:HGNC Symbol;Acc:HGNC:32315]
ENSG00000205869,2.82124192711009,-0.0885442136077235,66.2133304348325,6.80085274063903e-08,2.18994208474622e-06,KRTAP5-1,keratin associated protein 5-1 [Source:HGNC Symbol;Acc:HGNC:23596]
ENSG00000143507,1.88515840926535,1.00465485038921,63.4086210540847,9.60277918110102e-08,2.98122644576909e-06,DUSP10,dual specificity phosphatase 10 [Source:HGNC Symbol;Acc:HGNC:3065]
ENSG00000141579,1.28813617798656,1.95053239843143,60.1354624301019,1.45821003638493e-07,4.35015899819936e-06,ZNF750,zinc finger protein 750 [Source:HGNC Symbol;Acc:HGNC:25843]
ENSG00000171522,2.71729962295726,0.356616655274249,58.6269336615537,1.77814545891568e-07,5.07142716930743e-06,PTGER4,prostaglandin E receptor 4 [Source:HGNC Symbol;Acc:HGNC:9596]
ENSG00000172061,1.553719203194,1.07939003125156,58.0171969548164,1.92868805045588e-07,5.44099670234042e-06,LRRC15,leucine rich repeat containing 15 [Source:HGNC Symbol;Acc:HGNC:20818]
ENSG00000139278,1.79215091103307,0.83311855751954,55.9021808358524,2.56972662918846e-07,6.97643147844742e-06,GLIPR1,GLI pathogenesis related 1 [Source:HGNC Symbol;Acc:HGNC:17001]
ENSG00000258947,1.34952917305288,1.42074172600789,54.4983543812266,3.12290664033851e-07,8.28751727437072e-06,TUBB3,tubulin beta 3 class III [Source:HGNC Symbol;Acc:HGNC:20772]
ENSG00000144063,1.65034971623014,1.04169670912501,53.3807728516022,3.65702267103885e-07,9.54872901450124e-06,MALL,mal, T-cell differentiation protein like [Source:HGNC Symbol;Acc:HGNC:6818]
ENSG00000124882,1.67770924358274,0.5200832117939,49.6797361321204,6.28047133403877e-07,1.53776748116644e-05,EREG,epiregulin [Source:HGNC Symbol;Acc:HGNC:3443]
ENSG00000168646,1.14239442834381,2.50606496580481,47.8117720818151,8.34401316653333e-07,1.95805169732555e-05,AXIN2,axin 2 [Source:HGNC Symbol;Acc:HGNC:904]
ENSG00000117228,2.04081010548312,0.431782770832041,47.3595786399796,8.94872504678825e-07,2.07001078310466e-05,GBP1,guanylate binding protein 1 [Source:HGNC Symbol;Acc:HGNC:4182]
ENSG00000160678,1.00103042433081,2.03150169885214,46.8726282501189,9.65417350517441e-07,2.20567270381423e-05,S100A1,S100 calcium binding protein A1 [Source:HGNC Symbol;Acc:HGNC:10486]
ENSG00000221995,1.19298035909695,1.83000524157731,46.257339687493,1.06341801751492e-06,2.41258314917677e-05,TIAF1,TGFB1-induced anti-apoptotic factor 1 [Source:HGNC Symbol;Acc:HGNC:11803]
ENSG00000185304,1.24764590132312,1.13569792623692,43.0590932768043,1.78459916225715e-06,3.7965152997723e-05,RGPD2,RANBP2-like and GRIP domain containing 2 [Source:HGNC Symbol;Acc:HGNC:32415]
ENSG00000150782,1.29266805675055,1.17127736232322,42.1149436709102,2.08993860453471e-06,4.34633546010368e-05,IL18,interleukin 18 [Source:HGNC Symbol;Acc:HGNC:5986]
ENSG00000241839,1.02210933559658,2.09052117754483,39.0497244003254,3.55114875662118e-06,6.83727854817107e-05,PLEKHO2,pleckstrin homology domain containing O2 [Source:HGNC Symbol;Acc:HGNC:30026]
ENSG00000135114,1.07972307706967,1.75974226836317,39.040126591054,3.55720371928931e-06,6.83879002447664e-05,OASL,2'-5'-oligoadenylate synthetase like [Source:HGNC Symbol;Acc:HGNC:8090]
ENSG00000171722,1.22256223801519,1.26205768346942,38.5962060181302,3.85003068386009e-06,7.31170879363455e-05,C1orf111,chromosome 1 open reading frame 111 [Source:HGNC Symbol;Acc:HGNC:27648]
ENSG00000171431,1.10405329235223,1.36425117165406,37.2500903812308,4.91233287266343e-06,8.86275329335875e-05,KRT20,keratin 20 [Source:HGNC Symbol;Acc:HGNC:20412]
ENSG00000225828,1.02727927882168,2.0310602105885,35.1250820286844,7.30511497211372e-06,0.000124023109641974,FAM229A,family with sequence similarity 229 member A [Source:HGNC Symbol;Acc:HGNC:44652]
ENSG00000117525,1.19648796489428,1.52071259881216,32.8637268091377,1.13410639234155e-05,0.00018095245637296,F3,coagulation factor III, tissue factor [Source:HGNC Symbol;Acc:HGNC:3541]
ENSG00000130775,2.11542302740634,-0.304641183786582,32.8289874342322,1.14196626566991e-05,0.000181831855577895,THEMIS2,thymocyte selection associated family member 2 [Source:HGNC Symbol;Acc:HGNC:16839]
ENSG00000023445,2.64045355049371,-0.644406150482475,32.3699092539389,1.25164815595727e-05,0.000195930496017582,BIRC3,baculoviral IAP repeat containing 3 [Source:HGNC Symbol;Acc:HGNC:591]
ENSG00000138311,1.05575086203592,1.78162592889744,31.9021697730034,1.37541231050114e-05,0.000210974126504926,ZNF365,zinc finger protein 365 [Source:HGNC Symbol;Acc:HGNC:18194]
ENSG00000129749,1.55644916810032,0.76116868816816,29.9371100896135,2.06404997244598e-05,0.000297643606059358,CHRNA10,cholinergic receptor nicotinic alpha 10 subunit [Source:HGNC Symbol;Acc:HGNC:13800]
ENSG00000198535,1.46944001165776,0.209599925159574,28.9014219859134,2.57352782479792e-05,0.000359877915758648,C2CD4A,C2 calcium dependent domain containing 4A [Source:HGNC Symbol;Acc:HGNC:33627]
ENSG00000185291,1.08587167311377,0.875570168898143,28.744333648896,2.66221537856051e-05,0.000369242965569575,IL3RA,interleukin 3 receptor subunit alpha [Source:HGNC Symbol;Acc:HGNC:6012]
ENSG00000089692,1.85041531318118,-0.237871325307814,28.6732409909983,2.70345074390134e-05,0.000373220003229869,LAG3,lymphocyte activating 3 [Source:HGNC Symbol;Acc:HGNC:6476]
ENSG00000179148,1.31885396361859,0.6324471600722,26.636501974849,4.24191339434399e-05,0.000545563033879108,ALOXE3,arachidonate lipoxygenase 3 [Source:HGNC Symbol;Acc:HGNC:13743]
ENSG00000182324,1.30547751174813,0.415100655993202,26.5680420403932,4.30814722474119e-05,0.000551807723053869,KCNJ14,potassium voltage-gated channel subfamily J member 14 [Source:HGNC Symbol;Acc:HGNC:6260]
ENSG00000152433,1.25231759153052,0.535158508667661,26.2627475689971,4.6176649915106e-05,0.000585189830027666,ZNF547,zinc finger protein 547 [Source:HGNC Symbol;Acc:HGNC:26432]
ENSG00000180353,2.2542251191346,-1.04224607819898,25.3200313431277,5.73832738452998e-05,0.000703840023336915,HCLS1,hematopoietic cell-specific Lyn substrate 1 [Source:HGNC Symbol;Acc:HGNC:4844]
ENSG00000105219,1.43936114653683,0.256587614730545,24.7689340601464,6.52976629765873e-05,0.000783873980062141,CNTD2,cyclin N-terminal domain containing 2 [Source:HGNC Symbol;Acc:HGNC:25805]
ENSG00000019549,1.73608191416697,-0.0998492981745317,24.6557180817605,6.7067814620645e-05,0.000799209394244362,SNAI2,snail family transcriptional repressor 2 [Source:HGNC Symbol;Acc:HGNC:11094]
ENSG00000004799,1.35859107296512,0.140786437455551,24.3707452398501,7.17612563524554e-05,0.000844284518300828,PDK4,pyruvate dehydrogenase kinase 4 [Source:HGNC Symbol;Acc:HGNC:8812]
ENSG00000181016,1.04177293607353,1.62282578812788,23.9373534164962,7.96057304317682e-05,0.000921537523472842,LSMEM1,leucine rich single-pass membrane protein 1 [Source:HGNC Symbol;Acc:HGNC:22036]
ENSG00000125787,2.22005260753484,-1.0656560341894,23.5753083391612,8.68837120722014e-05,0.000984707363808697,GNRH2,gonadotropin releasing hormone 2 [Source:HGNC Symbol;Acc:HGNC:4420]
ENSG00000053438,1.06220344764631,1.09353212230327,21.9444752075458,0.000130099597054978,0.00138612682346671,NNAT,neuronatin [Source:HGNC Symbol;Acc:HGNC:7860]
ENSG00000205085,2.98513792515498,-1.18654602023209,21.1528738930803,0.000159213250853152,0.00164237707179758,FAM71F2,family with sequence similarity 71 member F2 [Source:HGNC Symbol;Acc:HGNC:27998]
ENSG00000138347,1.61699202273821,-0.644583498235527,20.3714160755814,0.000195127328899947,0.00196139995905082,MYPN,myopalladin [Source:HGNC Symbol;Acc:HGNC:23246]
ENSG00000168874,1.77949985701355,-0.609978915157974,20.2816693910774,0.000199792280226141,0.00198827026111552,ATOH8,atonal bHLH transcription factor 8 [Source:HGNC Symbol;Acc:HGNC:24126]
ENSG00000162461,1.42789718920714,-0.125180739351509,19.5699458394074,0.000241443254219155,0.00232247639137583,SLC25A34,solute carrier family 25 member 34 [Source:HGNC Symbol;Acc:HGNC:27653]
ENSG00000147509,1.93987392961298,-0.73386385030374,19.1103682331321,0.000273372003859198,0.00257628794050894,RGS20,regulator of G-protein signaling 20 [Source:HGNC Symbol;Acc:HGNC:14600]
ENSG00000126500,1.10043248490173,0.439509658625754,18.6705926708069,0.00030832086109656,0.00283162053393493,FLRT1,fibronectin leucine rich transmembrane protein 1 [Source:HGNC Symbol;Acc:HGNC:3760]
ENSG00000186086,1.04523752494815,0.275024219173592,16.8001884587879,0.000523044836725764,0.00440178524396254,NBPF6,neuroblastoma breakpoint family member 6 [Source:HGNC Symbol;Acc:HGNC:31988]
ENSG00000171873,1.74415947497938,-0.953648392213913,16.0699042001461,0.000648009205488143,0.0052361241965253,ADRA1D,adrenoceptor alpha 1D [Source:HGNC Symbol;Acc:HGNC:280]
ENSG00000187242,1.15031484094597,0.140583844048249,15.955160865096,0.000670478681619282,0.0053775042344706,KRT12,keratin 12 [Source:HGNC Symbol;Acc:HGNC:6414]
ENSG00000114757,1.20298124537773,0.109774406985923,15.710671023339,0.000721273005079279,0.005703814617254,PEX5L,peroxisomal biogenesis factor 5 like [Source:HGNC Symbol;Acc:HGNC:30024]
ENSG00000187726,1.76434797390425,-0.849400848111386,15.5099193631576,0.000766156357110227,0.00598579834209477,DNAJB13,DnaJ heat shock protein family (Hsp40) member B13 [Source:HGNC Symbol;Acc:HGNC:30718]
ENSG00000165029,2.07005045118768,-1.29170458851664,15.4826855243396,0.000772478658371082,0.00602146017625808,ABCA1,ATP binding cassette subfamily A member 1 [Source:HGNC Symbol;Acc:HGNC:29]
ENSG00000171790,1.17462489493074,0.0893655847380858,15.4615903292497,0.000777415381374162,0.00605119751816471,SLFNL1,schlafen like 1 [Source:HGNC Symbol;Acc:HGNC:26313]
ENSG00000129951,1.50606330591558,-0.715989617402851,15.3137311183369,0.000813008874083104,0.00627627374121145,PLPPR3,phospholipid phosphatase related 3 [Source:HGNC Symbol;Acc:HGNC:23497]
ENSG00000185668,1.98044295390335,-1.34739583874019,14.7677121196143,0.000960878798423618,0.00715394387099443,POU3F1,POU class 3 homeobox 1 [Source:HGNC Symbol;Acc:HGNC:9214]
ENSG00000172738,1.86654329571538,-1.29184654224576,14.4599620853851,0.00105711917600209,0.00774603926989223,TMEM217,transmembrane protein 217 [Source:HGNC Symbol;Acc:HGNC:21238]
ENSG00000250423,1.06356345918811,0.256113308475224,14.200079611629,0.00114669756920253,0.00825329692487038,KIAA1210,KIAA1210 [Source:HGNC Symbol;Acc:HGNC:29218]
ENSG00000140009,1.01651548249987,0.549748700329628,14.0894469750314,0.00118734378425896,0.00845672902762265,ESR2,estrogen receptor 2 [Source:HGNC Symbol;Acc:HGNC:3468]
ENSG00000165917,1.80549287010437,-1.21240156982358,13.9135471469934,0.00125527891284105,0.00884351490333238,RAPSN,receptor associated protein of the synapse [Source:HGNC Symbol;Acc:HGNC:9863]
ENSG00000253958,1.09509448399641,0.00259945065566013,13.352803389766,0.0015021229510712,0.0102594997558163,CLDN23,claudin 23 [Source:HGNC Symbol;Acc:HGNC:17591]
ENSG00000169548,1.67298355808268,-1.29174484383044,11.7293342257218,0.00257603076850357,0.0157982756535307,ZNF280A,zinc finger protein 280A [Source:HGNC Symbol;Acc:HGNC:18597]
ENSG00000100342,1.37789216963868,-1.08907223395427,10.8094318516,0.00354639502687346,0.0202203726993572,APOL1,apolipoprotein L1 [Source:HGNC Symbol;Acc:HGNC:618]
ENSG00000184270,1.54251144986361,-1.26507872429284,10.6905862295001,0.00369888445069181,0.0208931952498234,HIST2H2AB,histone cluster 2 H2A family member b [Source:HGNC Symbol;Acc:HGNC:20508]
ENSG00000167614,1.17622815701763,-0.465508068748139,10.6740893868021,0.00372061875991181,0.0209923781075546,TTYH1,tweety family member 1 [Source:HGNC Symbol;Acc:HGNC:13476]
ENSG00000173110,1.23007703290193,-0.434316620149562,9.60201688299449,0.0054888147223972,0.0286172553847121,HSPA6,heat shock protein family A (Hsp70) member 6 [Source:HGNC Symbol;Acc:HGNC:5239]
ENSG00000165023,1.1252758072579,-0.54362906062329,9.34574029364843,0.00603829100055909,0.0308864415901676,DIRAS2,DIRAS family GTPase 2 [Source:HGNC Symbol;Acc:HGNC:19323]
ENSG00000159713,1.06799104609427,-0.576608937015158,9.04724833216688,0.006756526994629,0.0335810058910388,TPPP3,tubulin polymerization promoting protein family member 3 [Source:HGNC Symbol;Acc:HGNC:24162]
ENSG00000105131,1.29254231793985,-1.13702444048969,8.79252501631335,0.00744484994548379,0.0360917613001242,EPHX3,epoxide hydrolase 3 [Source:HGNC Symbol;Acc:HGNC:23760]
ENSG00000145362,1.27054587079846,-0.997305611445118,8.56378004772,0.0081297792258354,0.0387014471803617,ANK2,ankyrin 2 [Source:HGNC Symbol;Acc:HGNC:493]
ENSG00000119714,1.13007205941845,-0.697709392468862,8.34313712420889,0.00885735421843306,0.0413049481028691,GPR68,G protein-coupled receptor 68 [Source:HGNC Symbol;Acc:HGNC:4519]
ENSG00000134531,1.21899318216762,-0.890554992928157,7.92008114895725,0.0104638195147437,0.0467753998769647,EMP1,epithelial membrane protein 1 [Source:HGNC Symbol;Acc:HGNC:3333]
ENSG00000140511,1.29361153440484,-0.911054547541581,7.72650339144658,0.0113049849443186,0.049434748669834,HAPLN3,hyaluronan and proteoglycan link protein 3 [Source:HGNC Symbol;Acc:HGNC:21446]
